title,company,location,is_remote,job_type,date_posted,job_url_direct,site,job_url,min_amount,max_amount,interval,currency
Lead Java Payments Engineer,Wells Fargo,"Iselin, NJ, US",False,,2026-05-27,https://tnl2.jometer.com/v2/job?jz=581jn1ac6cdc365635bc26602105969762233CMAAKAAAAABQ&utm_source=joveo&publisher=Indeed-organic,indeed,https://www.indeed.com/viewjob?jk=59bc0f74de89cb5b,119000.0,224000.0,yearly,USD
Lead Java Payments Engineer,Wells Fargo,"Charlotte, NC, US",False,,2026-05-27,https://tnl2.jometer.com/v2/job?jz=581jna36bafc660eead4009ab83451ad6d575CMAAKAAAAABQ&utm_source=joveo&publisher=Indeed-organic,indeed,https://www.indeed.com/viewjob?jk=cc5bd7fa687b6fce,119000.0,224000.0,yearly,USD
"(USA) Senior, Software Engineer (Java)",Walmart,"Bellevue, WA, US",False,,2026-05-27,https://click.appcast.io/t/ZXRBGuP4QWfKlt3NA0wAGZjQzNHZ-ImFwvShV0GkslA=,indeed,https://www.indeed.com/viewjob?jk=292639ce3893257a,108000.0,216000.0,yearly,USD
Java Developer Jr,"Technology Consultants, Inc.","Ashburn, VA, US",False,fulltime,2026-05-27,https://technology-consultants-inc.careerplug.com/j/02zvqrn,indeed,https://www.indeed.com/viewjob?jk=35e42ac6b56f9736,80000.0,110000.0,yearly,USD
Junior Full Stack Software Engineer,Shield Consulting Solutions,"Annapolis Junction, MD, US",False,fulltime,2026-05-27,https://theapplicantmanager.com/jobs?pos=sh5227&src=Indeed,indeed,https://www.indeed.com/viewjob?jk=0133d05bac016cfa,,,,
Full Stack Software Engineer,Shield Consulting Solutions,"Annapolis Junction, MD, US",False,fulltime,2026-05-27,https://theapplicantmanager.com/jobs?pos=sh5230&src=Indeed,indeed,https://www.indeed.com/viewjob?jk=f7da7c33c4509569,,,,
"Senior Full Stack Engineer, Client Communications",Ridgeline,"Reno, NV, US",False,,2026-05-27,https://boards.greenhouse.io/ridgeline/jobs/7749057003?gh_jid=7749057003,indeed,https://www.indeed.com/viewjob?jk=0b5f00979f41a5cf,,,,
"Lead Java Engineer, Full Stack Development",Raymond James,"Saint Petersburg, FL, US",False,fulltime,2026-05-27,https://raymondjames.wd1.myworkdayjobs.com/en-US/RaymondJamesCareers/job/Saint-Petersburg-Florida---United-States/Lead-Java-Engineer--Full-Stack-Development_R-0011336,indeed,https://www.indeed.com/viewjob?jk=06fb1fa1ff50fb62,,,,
Full Stack Developer-Java/Guidewire,Kemper,"Birmingham, AL, US",False,fulltime,2026-05-27,https://kemper.wd5.myworkdayjobs.com/Kemper_Careers/job/Jacksonville-Florida/Full-Stack-Developer-Java-Guidewire_R-26-0035772,indeed,https://www.indeed.com/viewjob?jk=fd6afa57a5dd6351,,,,
Senior Full-Stack Software Engineer,General Dynamics Information Technology,"Falls Church, VA, US",True,,2026-05-27,https://www.gdit.com/careers/job/b39583635/senior-full-stack-software-engineer/,indeed,https://www.indeed.com/viewjob?jk=82621f121581ead0,212500.0,287500.0,yearly,USD
Sr JAVA tech lead,Tata Consultancy Services (TCS),"McLean, VA, US",False,,2026-05-26,https://ibegin.tcsapps.com/candidate/jobs/shared-job/NDE0MTMzSg==,indeed,https://www.indeed.com/viewjob?jk=924eeca4adb15aee,120000.0,140000.0,yearly,USD
"Sr Engineer - AI Platform Think Tank (Python, Java, Gen AI, Agentic AI)",Target,"Minneapolis, MN, US",False,fulltime,2026-05-26,https://corporate.target.com/job/id/R0000438937,indeed,https://www.indeed.com/viewjob?jk=b5a59f3f32633b83,98000.0,176000.0,yearly,USD
"Senior/Principal R&D Computer Science - Manufacturing Systems Application Developer (Full-Stack), Onsite",Sandia National Laboratories,"Albuquerque, NM, US",False,fulltime,2026-05-26,https://cg.sandia.gov/psc/applicant/EMPLOYEE/HRMS/c/HRS_HRAM_FL.HRS_CG_SEARCH_FL.GBL?Page=HRS_APP_JBPST_FL&Action=U&FOCUS=Applicant&SiteId=1&JobOpeningId=697970&PostingSeq=1,indeed,https://www.indeed.com/viewjob?jk=1754bdbb8eed1b37,117500.0,235700.0,yearly,USD
"Senior Full Stack Software Engineer - Catalogs, Hierarchy & OrgMDM (Hybrid - Seattle, WA)",Nordstrom,"Seattle, WA, US",False,,2026-05-26,https://careers.nordstrom.com/senior-full-stack-software-engineer-catalogs-hierarchy-orgmdm-hybrid-seattle-wa/job/1E621E383FD5979BEFEBC992E1A2ED20,indeed,https://www.indeed.com/viewjob?jk=83f82aaa0bacb5b1,142000.0,220500.0,yearly,USD
Senior Full Stack UI Developer - 26-06120,NavitasPartners,"Columbia, SC, US",True,,2026-05-26,https://navitasp.talentnest.com/en/posting/235531/location/282272?source=indeed,indeed,https://www.indeed.com/viewjob?jk=e0a418dca32ff773,,,,
Full Stack Developer - PowerShell,Lafayette Group,"Arlington, VA, US",True,fulltime,2026-05-26,"https://jobs.localjobnetwork.com/j/t-full-stack-developer-powershell-e-lafayette-group-inc-l-arlington,-va-jobs-j87272601.html",indeed,https://www.indeed.com/viewjob?jk=ef5291cfd8bee98f,100000.0,125000.0,yearly,USD
"Sr Software Engineer, Fullstack",LTK,"Remote, US",True,,2026-05-26,https://grnh.se/y7auruv23us,indeed,https://www.indeed.com/viewjob?jk=9728099258cfb381,,,,
Front End/Angular 2+/Full Stack Java Developer,General Dynamics Information Technology,"Hanover, MD, US",False,,2026-05-26,https://www.gdit.com/careers/job/723053fd9/front-endangular-2full-stack-java-developer/,indeed,https://www.indeed.com/viewjob?jk=d078043d3a055c2f,111155.0,150385.0,yearly,USD
Full Stack Developer,Everforth ECS,"Springfield, VA, US",False,,2026-05-26,https://recruiting.adp.com/srccsh/public/RTI.home?r=5001200645806&c=2201039&d=ExternalCareerSite&rb=INDEED&idUnique=5001200645806,indeed,https://www.indeed.com/viewjob?jk=ec2092e62f4a7d0c,,,,
Java Springwood Backend Developer (Hybrid),Cognizant,"Denver, CO, US",False,fulltime,2026-05-26,https://careers.cognizant.com/global-en/jobs/00069025071/java-springwood-backend-developer-hybrid/,indeed,https://www.indeed.com/viewjob?jk=12483420b6facc39,80000.0,135000.0,yearly,USD
"Vice President, Full-Stack Engineer",BNY,"Pittsburgh, PA, US",False,fulltime,2026-05-26,https://eofe.fa.us2.oraclecloud.com/hcmUI/CandidateExperience/en/sites/CX_3001/requisitions/preview/75669,indeed,https://www.indeed.com/viewjob?jk=64d1ab74222c024f,,,,
"Vice President, Full-Stack Engineer",BNY,"Pittsburgh, PA, US",False,fulltime,2026-05-26,https://eofe.fa.us2.oraclecloud.com/hcmUI/CandidateExperience/en/sites/CX_3001/requisitions/preview/74985,indeed,https://www.indeed.com/viewjob?jk=b19180c20a56c016,,,,
"Software Engineer 2 - (Full Stack, JavaScript, React)","Akina, Inc.","Fort Meade, MD, US",False,,2026-05-26,https://akina.catsone.com/careers/99975-General/jobs/16816033-Software-Engineer-2--Full-Stack-JavaScript-React/?ref=Indeed,indeed,https://www.indeed.com/viewjob?jk=eb996a48e76d2128,191000.0,234000.0,yearly,USD
